artists,available_markets,disc_number,duration_ms,explicit,href,id,is_local,is_playable,name,popularity,preview_url,track_number,type,uri,album.album_type,album.artists,album.available_markets,album.external_urls.spotify,album.href,album.id,album.images,album.is_playable,album.name,album.release_date,album.release_date_precision,album.total_tracks,album.type,album.uri,external_ids.isrc,external_urls.spotify
"[{'external_urls': {'spotify': 'https://open.spotify.com/artist/0p4nmQO2msCgU4IF37Wi3j'}, 'href': 'https://api.spotify.com/v1/artists/0p4nmQO2msCgU4IF37Wi3j', 'id': '0p4nmQO2msCgU4IF37Wi3j', 'name': 'Avril Lavigne', 'type': 'artist', 'uri': 'spotify:artist:0p4nmQO2msCgU4IF37Wi3j'}]","['AR', 'AU', 'AT', 'BE', 'BO', 'BR', 'BG', 'CA', 'CL', 'CO', 'CR', 'CY', 'CZ', 'DK', 'DO', 'DE', 'EC', 'EE', 'SV', 'FI', 'FR', 'GR', 'GT', 'HN', 'HK', 'HU', 'IS', 'IE', 'IT', 'LV', 'LT', 'LU', 'MY', 'MT', 'MX', 'NL', 'NZ', 'NI', 'NO', 'PA', 'PY', 'PE', 'PH', 'PL', 'PT', 'SG', 'SK', 'ES', 'SE', 'CH', 'TW', 'TR', 'UY', 'US', 'GB', 'AD', 'LI', 'MC', 'ID', 'JP', 'TH', 'VN', 'RO', 'IL', 'ZA', 'SA', 'AE', 'BH', 'QA', 'OM', 'KW', 'EG', 'MA', 'DZ', 'TN', 'LB', 'JO', 'PS', 'IN', 'BY', 'KZ', 'MD', 'UA', 'AL', 'BA', 'HR', 'ME', 'MK', 'RS', 'SI', 'BD', 'PK', 'LK', 'GH', 'KE', 'NG', 'TZ', 'UG', 'AG', 'AM', 'BS', 'BB', 'BZ', 'BT', 'BW', 'BF', 'CV', 'CW', 'DM', 'FJ', 'GM', 'GE', 'GD', 'GW', 'GY', 'HT', 'JM', 'KI', 'LS', 'LR', 'MW', 'MV', 'ML', 'MH', 'FM', 'NA', 'NR', 'NE', 'PW', 'PG', 'PR', 'WS', 'SM', 'ST', 'SN', 'SC', 'SL', 'SB', 'KN', 'LC', 'VC', 'SR', 'TL', 'TO', 'TT', 'TV', 'VU', 'AZ', 'BN', 'BI', 'KH', 'CM', 'TD', 'KM', 'GQ', 'SZ', 'GA', 'GN', 'KG', 'LA', 'MO', 'MR', 'MN', 'NP', 'RW', 'TG', 'UZ', 'ZW', 'BJ', 'MG', 'MU', 'MZ', 'AO', 'CI', 'DJ', 'ZM', 'CD', 'CG', 'IQ', 'LY', 'TJ', 'VE', 'ET', 'XK']",1,244506,False,https://api.spotify.com/v1/tracks/5xEM5hIgJ1jjgcEBfpkt2F,5xEM5hIgJ1jjgcEBfpkt2F,False,True,Complicated,83,https://p.scdn.co/mp3-preview/34657059f6a40050f96e3cbf3d929aa595f5dd60?cid=771e47fec809492e9f8f64a3a3eeb4d2,2,track,spotify:track:5xEM5hIgJ1jjgcEBfpkt2F,album,"[{'external_urls': {'spotify': 'https://open.spotify.com/artist/0p4nmQO2msCgU4IF37Wi3j'}, 'href': 'https://api.spotify.com/v1/artists/0p4nmQO2msCgU4IF37Wi3j', 'id': '0p4nmQO2msCgU4IF37Wi3j', 'name': 'Avril Lavigne', 'type': 'artist', 'uri': 'spotify:artist:0p4nmQO2msCgU4IF37Wi3j'}]","['AR', 'AU', 'AT', 'BE', 'BO', 'BR', 'BG', 'CA', 'CL', 'CO', 'CR', 'CY', 'CZ', 'DK', 'DO', 'DE', 'EC', 'EE', 'SV', 'FI', 'FR', 'GR', 'GT', 'HN', 'HK', 'HU', 'IS', 'IE', 'IT', 'LV', 'LT', 'LU', 'MY', 'MT', 'MX', 'NL', 'NZ', 'NI', 'NO', 'PA', 'PY', 'PE', 'PH', 'PL', 'PT', 'SG', 'SK', 'ES', 'SE', 'CH', 'TW', 'TR', 'UY', 'US', 'GB', 'AD', 'LI', 'MC', 'ID', 'JP', 'TH', 'VN', 'RO', 'IL', 'ZA', 'SA', 'AE', 'BH', 'QA', 'OM', 'KW', 'EG', 'MA', 'DZ', 'TN', 'LB', 'JO', 'PS', 'IN', 'BY', 'KZ', 'MD', 'UA', 'AL', 'BA', 'HR', 'ME', 'MK', 'RS', 'SI', 'BD', 'PK', 'LK', 'GH', 'KE', 'NG', 'TZ', 'UG', 'AG', 'AM', 'BS', 'BB', 'BZ', 'BT', 'BW', 'BF', 'CV', 'CW', 'DM', 'FJ', 'GM', 'GE', 'GD', 'GW', 'GY', 'HT', 'JM', 'KI', 'LS', 'LR', 'MW', 'MV', 'ML', 'MH', 'FM', 'NA', 'NR', 'NE', 'PW', 'PG', 'PR', 'WS', 'SM', 'ST', 'SN', 'SC', 'SL', 'SB', 'KN', 'LC', 'VC', 'SR', 'TL', 'TO', 'TT', 'TV', 'VU', 'AZ', 'BN', 'BI', 'KH', 'CM', 'TD', 'KM', 'GQ', 'SZ', 'GA', 'GN', 'KG', 'LA', 'MO', 'MR', 'MN', 'NP', 'RW', 'TG', 'UZ', 'ZW', 'BJ', 'MG', 'MU', 'MZ', 'AO', 'CI', 'DJ', 'ZM', 'CD', 'CG', 'IQ', 'LY', 'TJ', 'VE', 'ET', 'XK']",https://open.spotify.com/album/3zXjR3y2dUWklKmmp6lEhy,https://api.spotify.com/v1/albums/3zXjR3y2dUWklKmmp6lEhy,3zXjR3y2dUWklKmmp6lEhy,"[{'url': 'https://i.scdn.co/image/ab67616d0000b273f7ec724fbf97a30869d06240', 'width': 640, 'height': 640}, {'url': 'https://i.scdn.co/image/ab67616d00001e02f7ec724fbf97a30869d06240', 'width': 300, 'height': 300}, {'url': 'https://i.scdn.co/image/ab67616d00004851f7ec724fbf97a30869d06240', 'width': 64, 'height': 64}]",True,Let Go,2002-06-04,day,13,album,spotify:album:3zXjR3y2dUWklKmmp6lEhy,USAR10200223,https://open.spotify.com/track/5xEM5hIgJ1jjgcEBfpkt2F
"[{'external_urls': {'spotify': 'https://open.spotify.com/artist/0p4nmQO2msCgU4IF37Wi3j'}, 'href': 'https://api.spotify.com/v1/artists/0p4nmQO2msCgU4IF37Wi3j', 'id': '0p4nmQO2msCgU4IF37Wi3j', 'name': 'Avril Lavigne', 'type': 'artist', 'uri': 'spotify:artist:0p4nmQO2msCgU4IF37Wi3j'}]","['AR', 'AU', 'AT', 'BE', 'BO', 'BR', 'BG', 'CA', 'CL', 'CO', 'CR', 'CY', 'CZ', 'DK', 'DO', 'DE', 'EC', 'EE', 'SV', 'FI', 'FR', 'GR', 'GT', 'HN', 'HK', 'HU', 'IS', 'IE', 'IT', 'LV', 'LT', 'LU', 'MY', 'MT', 'MX', 'NL', 'NZ', 'NI', 'NO', 'PA', 'PY', 'PE', 'PH', 'PL', 'PT', 'SG', 'SK', 'ES', 'SE', 'CH', 'TW', 'TR', 'UY', 'US', 'GB', 'AD', 'LI', 'MC', 'ID', 'JP', 'TH', 'VN', 'RO', 'IL', 'ZA', 'SA', 'AE', 'BH', 'QA', 'OM', 'KW', 'EG', 'MA', 'DZ', 'TN', 'LB', 'JO', 'PS', 'IN', 'BY', 'KZ', 'MD', 'UA', 'AL', 'BA', 'HR', 'ME', 'MK', 'RS', 'SI', 'BD', 'PK', 'LK', 'GH', 'KE', 'NG', 'TZ', 'UG', 'AG', 'AM', 'BS', 'BB', 'BZ', 'BT', 'BW', 'BF', 'CV', 'CW', 'DM', 'FJ', 'GM', 'GE', 'GD', 'GW', 'GY', 'HT', 'JM', 'KI', 'LS', 'LR', 'MW', 'MV', 'ML', 'MH', 'FM', 'NA', 'NR', 'NE', 'PW', 'PG', 'PR', 'WS', 'SM', 'ST', 'SN', 'SC', 'SL', 'SB', 'KN', 'LC', 'VC', 'SR', 'TL', 'TO', 'TT', 'TV', 'VU', 'AZ', 'BN', 'BI', 'KH', 'CM', 'TD', 'KM', 'GQ', 'SZ', 'GA', 'GN', 'KG', 'LA', 'MO', 'MR', 'MN', 'NP', 'RW', 'TG', 'UZ', 'ZW', 'BJ', 'MG', 'MU', 'MZ', 'AO', 'CI', 'DJ', 'ZM', 'CD', 'CG', 'IQ', 'LY', 'TJ', 'VE', 'ET', 'XK']",1,223066,False,https://api.spotify.com/v1/tracks/1jlG3KJ3gdYmhfuySFfpO1,1jlG3KJ3gdYmhfuySFfpO1,False,True,I'm with You,78,https://p.scdn.co/mp3-preview/b5ea35e1e3d74a99fb72ee4b486f94c87c4d1acd?cid=771e47fec809492e9f8f64a3a3eeb4d2,4,track,spotify:track:1jlG3KJ3gdYmhfuySFfpO1,album,"[{'external_urls': {'spotify': 'https://open.spotify.com/artist/0p4nmQO2msCgU4IF37Wi3j'}, 'href': 'https://api.spotify.com/v1/artists/0p4nmQO2msCgU4IF37Wi3j', 'id': '0p4nmQO2msCgU4IF37Wi3j', 'name': 'Avril Lavigne', 'type': 'artist', 'uri': 'spotify:artist:0p4nmQO2msCgU4IF37Wi3j'}]","['AR', 'AU', 'AT', 'BE', 'BO', 'BR', 'BG', 'CA', 'CL', 'CO', 'CR', 'CY', 'CZ', 'DK', 'DO', 'DE', 'EC', 'EE', 'SV', 'FI', 'FR', 'GR', 'GT', 'HN', 'HK', 'HU', 'IS', 'IE', 'IT', 'LV', 'LT', 'LU', 'MY', 'MT', 'MX', 'NL', 'NZ', 'NI', 'NO', 'PA', 'PY', 'PE', 'PH', 'PL', 'PT', 'SG', 'SK', 'ES', 'SE', 'CH', 'TW', 'TR', 'UY', 'US', 'GB', 'AD', 'LI', 'MC', 'ID', 'JP', 'TH', 'VN', 'RO', 'IL', 'ZA', 'SA', 'AE', 'BH', 'QA', 'OM', 'KW', 'EG', 'MA', 'DZ', 'TN', 'LB', 'JO', 'PS', 'IN', 'BY', 'KZ', 'MD', 'UA', 'AL', 'BA', 'HR', 'ME', 'MK', 'RS', 'SI', 'BD', 'PK', 'LK', 'GH', 'KE', 'NG', 'TZ', 'UG', 'AG', 'AM', 'BS', 'BB', 'BZ', 'BT', 'BW', 'BF', 'CV', 'CW', 'DM', 'FJ', 'GM', 'GE', 'GD', 'GW', 'GY', 'HT', 'JM', 'KI', 'LS', 'LR', 'MW', 'MV', 'ML', 'MH', 'FM', 'NA', 'NR', 'NE', 'PW', 'PG', 'PR', 'WS', 'SM', 'ST', 'SN', 'SC', 'SL', 'SB', 'KN', 'LC', 'VC', 'SR', 'TL', 'TO', 'TT', 'TV', 'VU', 'AZ', 'BN', 'BI', 'KH', 'CM', 'TD', 'KM', 'GQ', 'SZ', 'GA', 'GN', 'KG', 'LA', 'MO', 'MR', 'MN', 'NP', 'RW', 'TG', 'UZ', 'ZW', 'BJ', 'MG', 'MU', 'MZ', 'AO', 'CI', 'DJ', 'ZM', 'CD', 'CG', 'IQ', 'LY', 'TJ', 'VE', 'ET', 'XK']",https://open.spotify.com/album/3zXjR3y2dUWklKmmp6lEhy,https://api.spotify.com/v1/albums/3zXjR3y2dUWklKmmp6lEhy,3zXjR3y2dUWklKmmp6lEhy,"[{'url': 'https://i.scdn.co/image/ab67616d0000b273f7ec724fbf97a30869d06240', 'width': 640, 'height': 640}, {'url': 'https://i.scdn.co/image/ab67616d00001e02f7ec724fbf97a30869d06240', 'width': 300, 'height': 300}, {'url': 'https://i.scdn.co/image/ab67616d00004851f7ec724fbf97a30869d06240', 'width': 64, 'height': 64}]",True,Let Go,2002-06-04,day,13,album,spotify:album:3zXjR3y2dUWklKmmp6lEhy,USAR10200224,https://open.spotify.com/track/1jlG3KJ3gdYmhfuySFfpO1
"[{'external_urls': {'spotify': 'https://open.spotify.com/artist/0p4nmQO2msCgU4IF37Wi3j'}, 'href': 'https://api.spotify.com/v1/artists/0p4nmQO2msCgU4IF37Wi3j', 'id': '0p4nmQO2msCgU4IF37Wi3j', 'name': 'Avril Lavigne', 'type': 'artist', 'uri': 'spotify:artist:0p4nmQO2msCgU4IF37Wi3j'}]","['AR', 'AU', 'AT', 'BE', 'BO', 'BR', 'BG', 'CA', 'CL', 'CO', 'CR', 'CY', 'CZ', 'DK', 'DO', 'DE', 'EC', 'EE', 'SV', 'FI', 'FR', 'GR', 'GT', 'HN', 'HK', 'HU', 'IS', 'IE', 'IT', 'LV', 'LT', 'LU', 'MY', 'MT', 'MX', 'NL', 'NZ', 'NI', 'NO', 'PA', 'PY', 'PE', 'PH', 'PL', 'PT', 'SG', 'SK', 'ES', 'SE', 'CH', 'TW', 'TR', 'UY', 'US', 'GB', 'AD', 'LI', 'MC', 'ID', 'JP', 'TH', 'VN', 'RO', 'IL', 'ZA', 'SA', 'AE', 'BH', 'QA', 'OM', 'KW', 'EG', 'MA', 'DZ', 'TN', 'LB', 'JO', 'PS', 'IN', 'BY', 'KZ', 'MD', 'UA', 'AL', 'BA', 'HR', 'ME', 'MK', 'RS', 'SI', 'BD', 'PK', 'LK', 'GH', 'KE', 'NG', 'TZ', 'UG', 'AG', 'AM', 'BS', 'BB', 'BZ', 'BT', 'BW', 'BF', 'CV', 'CW', 'DM', 'FJ', 'GM', 'GE', 'GD', 'GW', 'GY', 'HT', 'JM', 'KI', 'LS', 'LR', 'MW', 'MV', 'ML', 'MH', 'FM', 'NA', 'NR', 'NE', 'PW', 'PG', 'PR', 'WS', 'SM', 'ST', 'SN', 'SC', 'SL', 'SB', 'KN', 'LC', 'VC', 'SR', 'TL', 'TO', 'TT', 'TV', 'VU', 'AZ', 'BN', 'BI', 'KH', 'CM', 'TD', 'KM', 'GQ', 'SZ', 'GA', 'GN', 'KG', 'LA', 'MO', 'MR', 'MN', 'NP', 'RW', 'TG', 'UZ', 'ZW', 'BJ', 'MG', 'MU', 'MZ', 'AO', 'CI', 'DJ', 'ZM', 'CD', 'CG', 'IQ', 'LY', 'TJ', 'VE', 'ET', 'XK']",1,204000,False,https://api.spotify.com/v1/tracks/00Mb3DuaIH1kjrwOku9CGU,00Mb3DuaIH1kjrwOku9CGU,False,True,Sk8er Boi,77,https://p.scdn.co/mp3-preview/7891901b2270cc8ef724f64db5bb97be081329d6?cid=771e47fec809492e9f8f64a3a3eeb4d2,3,track,spotify:track:00Mb3DuaIH1kjrwOku9CGU,album,"[{'external_urls': {'spotify': 'https://open.spotify.com/artist/0p4nmQO2msCgU4IF37Wi3j'}, 'href': 'https://api.spotify.com/v1/artists/0p4nmQO2msCgU4IF37Wi3j', 'id': '0p4nmQO2msCgU4IF37Wi3j', 'name': 'Avril Lavigne', 'type': 'artist', 'uri': 'spotify:artist:0p4nmQO2msCgU4IF37Wi3j'}]","['AR', 'AU', 'AT', 'BE', 'BO', 'BR', 'BG', 'CA', 'CL', 'CO', 'CR', 'CY', 'CZ', 'DK', 'DO', 'DE', 'EC', 'EE', 'SV', 'FI', 'FR', 'GR', 'GT', 'HN', 'HK', 'HU', 'IS', 'IE', 'IT', 'LV', 'LT', 'LU', 'MY', 'MT', 'MX', 'NL', 'NZ', 'NI', 'NO', 'PA', 'PY', 'PE', 'PH', 'PL', 'PT', 'SG', 'SK', 'ES', 'SE', 'CH', 'TW', 'TR', 'UY', 'US', 'GB', 'AD', 'LI', 'MC', 'ID', 'JP', 'TH', 'VN', 'RO', 'IL', 'ZA', 'SA', 'AE', 'BH', 'QA', 'OM', 'KW', 'EG', 'MA', 'DZ', 'TN', 'LB', 'JO', 'PS', 'IN', 'BY', 'KZ', 'MD', 'UA', 'AL', 'BA', 'HR', 'ME', 'MK', 'RS', 'SI', 'BD', 'PK', 'LK', 'GH', 'KE', 'NG', 'TZ', 'UG', 'AG', 'AM', 'BS', 'BB', 'BZ', 'BT', 'BW', 'BF', 'CV', 'CW', 'DM', 'FJ', 'GM', 'GE', 'GD', 'GW', 'GY', 'HT', 'JM', 'KI', 'LS', 'LR', 'MW', 'MV', 'ML', 'MH', 'FM', 'NA', 'NR', 'NE', 'PW', 'PG', 'PR', 'WS', 'SM', 'ST', 'SN', 'SC', 'SL', 'SB', 'KN', 'LC', 'VC', 'SR', 'TL', 'TO', 'TT', 'TV', 'VU', 'AZ', 'BN', 'BI', 'KH', 'CM', 'TD', 'KM', 'GQ', 'SZ', 'GA', 'GN', 'KG', 'LA', 'MO', 'MR', 'MN', 'NP', 'RW', 'TG', 'UZ', 'ZW', 'BJ', 'MG', 'MU', 'MZ', 'AO', 'CI', 'DJ', 'ZM', 'CD', 'CG', 'IQ', 'LY', 'TJ', 'VE', 'ET', 'XK']",https://open.spotify.com/album/3zXjR3y2dUWklKmmp6lEhy,https://api.spotify.com/v1/albums/3zXjR3y2dUWklKmmp6lEhy,3zXjR3y2dUWklKmmp6lEhy,"[{'url': 'https://i.scdn.co/image/ab67616d0000b273f7ec724fbf97a30869d06240', 'width': 640, 'height': 640}, {'url': 'https://i.scdn.co/image/ab67616d00001e02f7ec724fbf97a30869d06240', 'width': 300, 'height': 300}, {'url': 'https://i.scdn.co/image/ab67616d00004851f7ec724fbf97a30869d06240', 'width': 64, 'height': 64}]",True,Let Go,2002-06-04,day,13,album,spotify:album:3zXjR3y2dUWklKmmp6lEhy,USAR10200229,https://open.spotify.com/track/00Mb3DuaIH1kjrwOku9CGU
"[{'external_urls': {'spotify': 'https://open.spotify.com/artist/0p4nmQO2msCgU4IF37Wi3j'}, 'href': 'https://api.spotify.com/v1/artists/0p4nmQO2msCgU4IF37Wi3j', 'id': '0p4nmQO2msCgU4IF37Wi3j', 'name': 'Avril Lavigne', 'type': 'artist', 'uri': 'spotify:artist:0p4nmQO2msCgU4IF37Wi3j'}]","['AR', 'AU', 'AT', 'BE', 'BO', 'BR', 'BG', 'CA', 'CL', 'CO', 'CR', 'CY', 'CZ', 'DK', 'DO', 'DE', 'EC', 'EE', 'SV', 'FI', 'FR', 'GR', 'GT', 'HN', 'HK', 'HU', 'IS', 'IE', 'IT', 'LV', 'LT', 'LU', 'MY', 'MT', 'MX', 'NL', 'NZ', 'NI', 'NO', 'PA', 'PY', 'PE', 'PH', 'PL', 'PT', 'SG', 'SK', 'ES', 'SE', 'CH', 'TW', 'TR', 'UY', 'US', 'GB', 'AD', 'LI', 'MC', 'ID', 'JP', 'TH', 'VN', 'RO', 'IL', 'ZA', 'SA', 'AE', 'BH', 'QA', 'OM', 'KW', 'EG', 'MA', 'DZ', 'TN', 'LB', 'JO', 'PS', 'IN', 'BY', 'KZ', 'MD', 'UA', 'AL', 'BA', 'HR', 'ME', 'MK', 'RS', 'SI', 'BD', 'PK', 'LK', 'GH', 'KE', 'NG', 'TZ', 'UG', 'AG', 'AM', 'BS', 'BB', 'BZ', 'BT', 'BW', 'BF', 'CV', 'CW', 'DM', 'FJ', 'GM', 'GE', 'GD', 'GW', 'GY', 'HT', 'JM', 'KI', 'LS', 'LR', 'MW', 'MV', 'ML', 'MH', 'FM', 'NA', 'NR', 'NE', 'PW', 'PG', 'PR', 'WS', 'SM', 'ST', 'SN', 'SC', 'SL', 'SB', 'KN', 'LC', 'VC', 'SR', 'TL', 'TO', 'TT', 'TV', 'VU', 'AZ', 'BN', 'BI', 'KH', 'CM', 'TD', 'KM', 'GQ', 'SZ', 'GA', 'GN', 'KG', 'LA', 'MO', 'MR', 'MN', 'NP', 'RW', 'TG', 'UZ', 'ZW', 'BJ', 'MG', 'MU', 'MZ', 'AO', 'CI', 'DJ', 'ZM', 'CD', 'CG', 'IQ', 'LY', 'TJ', 'VE', 'ET', 'XK']",1,216600,True,https://api.spotify.com/v1/tracks/45hOioMDJktr86iKDHC8gr,45hOioMDJktr86iKDHC8gr,False,True,Girlfriend,75,https://p.scdn.co/mp3-preview/25483d1567806722fd59bdf01eaf0424e0784351?cid=771e47fec809492e9f8f64a3a3eeb4d2,1,track,spotify:track:45hOioMDJktr86iKDHC8gr,album,"[{'external_urls': {'spotify': 'https://open.spotify.com/artist/0p4nmQO2msCgU4IF37Wi3j'}, 'href': 'https://api.spotify.com/v1/artists/0p4nmQO2msCgU4IF37Wi3j', 'id': '0p4nmQO2msCgU4IF37Wi3j', 'name': 'Avril Lavigne', 'type': 'artist', 'uri': 'spotify:artist:0p4nmQO2msCgU4IF37Wi3j'}]","['AR', 'AU', 'AT', 'BE', 'BO', 'BR', 'BG', 'CA', 'CL', 'CO', 'CR', 'CY', 'CZ', 'DK', 'DO', 'DE', 'EC', 'EE', 'SV', 'FI', 'FR', 'GR', 'GT', 'HN', 'HK', 'HU', 'IS', 'IE', 'IT', 'LV', 'LT', 'LU', 'MY', 'MT', 'MX', 'NL', 'NZ', 'NI', 'NO', 'PA', 'PY', 'PE', 'PH', 'PL', 'PT', 'SG', 'SK', 'ES', 'SE', 'CH', 'TW', 'TR', 'UY', 'US', 'GB', 'AD', 'LI', 'MC', 'ID', 'JP', 'TH', 'VN', 'RO', 'IL', 'ZA', 'SA', 'AE', 'BH', 'QA', 'OM', 'KW', 'EG', 'MA', 'DZ', 'TN', 'LB', 'JO', 'PS', 'IN', 'BY', 'KZ', 'MD', 'UA', 'AL', 'BA', 'HR', 'ME', 'MK', 'RS', 'SI', 'BD', 'PK', 'LK', 'GH', 'KE', 'NG', 'TZ', 'UG', 'AG', 'AM', 'BS', 'BB', 'BZ', 'BT', 'BW', 'BF', 'CV', 'CW', 'DM', 'FJ', 'GM', 'GE', 'GD', 'GW', 'GY', 'HT', 'JM', 'KI', 'LS', 'LR', 'MW', 'MV', 'ML', 'MH', 'FM', 'NA', 'NR', 'NE', 'PW', 'PG', 'PR', 'WS', 'SM', 'ST', 'SN', 'SC', 'SL', 'SB', 'KN', 'LC', 'VC', 'SR', 'TL', 'TO', 'TT', 'TV', 'VU', 'AZ', 'BN', 'BI', 'KH', 'CM', 'TD', 'KM', 'GQ', 'SZ', 'GA', 'GN', 'KG', 'LA', 'MO', 'MR', 'MN', 'NP', 'RW', 'TG', 'UZ', 'ZW', 'BJ', 'MG', 'MU', 'MZ', 'AO', 'CI', 'DJ', 'ZM', 'CD', 'CG', 'IQ', 'LY', 'TJ', 'VE', 'ET', 'XK']",https://open.spotify.com/album/6lqE05fiHWJVYYdMVJNj38,https://api.spotify.com/v1/albums/6lqE05fiHWJVYYdMVJNj38,6lqE05fiHWJVYYdMVJNj38,"[{'url': 'https://i.scdn.co/image/ab67616d0000b273476cdf5837ae39eee951cc15', 'width': 640, 'height': 640}, {'url': 'https://i.scdn.co/image/ab67616d00001e02476cdf5837ae39eee951cc15', 'width': 300, 'height': 300}, {'url': 'https://i.scdn.co/image/ab67616d00004851476cdf5837ae39eee951cc15', 'width': 64, 'height': 64}]",True,The Best Damn Thing (Expanded Edition),2007-04-17,day,17,album,spotify:album:6lqE05fiHWJVYYdMVJNj38,USRC10700021,https://open.spotify.com/track/45hOioMDJktr86iKDHC8gr
"[{'external_urls': {'spotify': 'https://open.spotify.com/artist/0p4nmQO2msCgU4IF37Wi3j'}, 'href': 'https://api.spotify.com/v1/artists/0p4nmQO2msCgU4IF37Wi3j', 'id': '0p4nmQO2msCgU4IF37Wi3j', 'name': 'Avril Lavigne', 'type': 'artist', 'uri': 'spotify:artist:0p4nmQO2msCgU4IF37Wi3j'}]","['AR', 'AU', 'AT', 'BE', 'BO', 'BR', 'BG', 'CA', 'CL', 'CO', 'CR', 'CY', 'CZ', 'DK', 'DO', 'DE', 'EC', 'EE', 'SV', 'FI', 'FR', 'GR', 'GT', 'HN', 'HK', 'HU', 'IS', 'IE', 'IT', 'LV', 'LT', 'LU', 'MY', 'MT', 'MX', 'NL', 'NZ', 'NI', 'NO', 'PA', 'PY', 'PE', 'PH', 'PL', 'PT', 'SG', 'SK', 'ES', 'SE', 'CH', 'TW', 'TR', 'UY', 'US', 'GB', 'AD', 'LI', 'MC', 'ID', 'JP', 'TH', 'VN', 'RO', 'IL', 'ZA', 'SA', 'AE', 'BH', 'QA', 'OM', 'KW', 'EG', 'MA', 'DZ', 'TN', 'LB', 'JO', 'PS', 'IN', 'BY', 'KZ', 'MD', 'UA', 'AL', 'BA', 'HR', 'ME', 'MK', 'RS', 'SI', 'BD', 'PK', 'LK', 'GH', 'KE', 'NG', 'TZ', 'UG', 'AG', 'AM', 'BS', 'BB', 'BZ', 'BT', 'BW', 'BF', 'CV', 'CW', 'DM', 'FJ', 'GM', 'GE', 'GD', 'GW', 'GY', 'HT', 'JM', 'KI', 'LS', 'LR', 'MW', 'MV', 'ML', 'MH', 'FM', 'NA', 'NR', 'NE', 'PW', 'PG', 'PR', 'WS', 'SM', 'ST', 'SN', 'SC', 'SL', 'SB', 'KN', 'LC', 'VC', 'SR', 'TL', 'TO', 'TT', 'TV', 'VU', 'AZ', 'BN', 'BI', 'KH', 'CM', 'TD', 'KM', 'GQ', 'SZ', 'GA', 'GN', 'KG', 'LA', 'MO', 'MR', 'MN', 'NP', 'RW', 'TG', 'UZ', 'ZW', 'BJ', 'MG', 'MU', 'MZ', 'AO', 'CI', 'DJ', 'ZM', 'CD', 'CG', 'IQ', 'LY', 'TJ', 'VE', 'ET', 'XK']",1,220706,False,https://api.spotify.com/v1/tracks/2z4U9d5OAA4YLNXoCgioxo,2z4U9d5OAA4YLNXoCgioxo,False,True,What the Hell,75,https://p.scdn.co/mp3-preview/8c0591b363bc2a165eb4f12829a1995e0b84d5fb?cid=771e47fec809492e9f8f64a3a3eeb4d2,2,track,spotify:track:2z4U9d5OAA4YLNXoCgioxo,album,"[{'external_urls': {'spotify': 'https://open.spotify.com/artist/0p4nmQO2msCgU4IF37Wi3j'}, 'href': 'https://api.spotify.com/v1/artists/0p4nmQO2msCgU4IF37Wi3j', 'id': '0p4nmQO2msCgU4IF37Wi3j', 'name': 'Avril Lavigne', 'type': 'artist', 'uri': 'spotify:artist:0p4nmQO2msCgU4IF37Wi3j'}]","['AR', 'AU', 'AT', 'BE', 'BO', 'BR', 'BG', 'CA', 'CL', 'CO', 'CR', 'CY', 'CZ', 'DK', 'DO', 'DE', 'EC', 'EE', 'SV', 'FI', 'FR', 'GR', 'GT', 'HN', 'HK', 'HU', 'IS', 'IE', 'IT', 'LV', 'LT', 'LU', 'MY', 'MT', 'MX', 'NL', 'NZ', 'NI', 'NO', 'PA', 'PY', 'PE', 'PH', 'PL', 'PT', 'SG', 'SK', 'ES', 'SE', 'CH', 'TW', 'TR', 'UY', 'US', 'GB', 'AD', 'LI', 'MC', 'ID', 'JP', 'TH', 'VN', 'RO', 'IL', 'ZA', 'SA', 'AE', 'BH', 'QA', 'OM', 'KW', 'EG', 'MA', 'DZ', 'TN', 'LB', 'JO', 'PS', 'IN', 'BY', 'KZ', 'MD', 'UA', 'AL', 'BA', 'HR', 'ME', 'MK', 'RS', 'SI', 'BD', 'PK', 'LK', 'GH', 'KE', 'NG', 'TZ', 'UG', 'AG', 'AM', 'BS', 'BB', 'BZ', 'BT', 'BW', 'BF', 'CV', 'CW', 'DM', 'FJ', 'GM', 'GE', 'GD', 'GW', 'GY', 'HT', 'JM', 'KI', 'LS', 'LR', 'MW', 'MV', 'ML', 'MH', 'FM', 'NA', 'NR', 'NE', 'PW', 'PG', 'PR', 'WS', 'SM', 'ST', 'SN', 'SC', 'SL', 'SB', 'KN', 'LC', 'VC', 'SR', 'TL', 'TO', 'TT', 'TV', 'VU', 'AZ', 'BN', 'BI', 'KH', 'CM', 'TD', 'KM', 'GQ', 'SZ', 'GA', 'GN', 'KG', 'LA', 'MO', 'MR', 'MN', 'NP', 'RW', 'TG', 'UZ', 'ZW', 'BJ', 'MG', 'MU', 'MZ', 'AO', 'CI', 'DJ', 'ZM', 'CD', 'CG', 'IQ', 'LY', 'TJ', 'VE', 'ET', 'XK']",https://open.spotify.com/album/1COPJyU2PpM2Itcob3vhFF,https://api.spotify.com/v1/albums/1COPJyU2PpM2Itcob3vhFF,1COPJyU2PpM2Itcob3vhFF,"[{'url': 'https://i.scdn.co/image/ab67616d0000b27372c9f7a7c75eba39726106a6', 'width': 640, 'height': 640}, {'url': 'https://i.scdn.co/image/ab67616d00001e0272c9f7a7c75eba39726106a6', 'width': 300, 'height': 300}, {'url': 'https://i.scdn.co/image/ab67616d0000485172c9f7a7c75eba39726106a6', 'width': 64, 'height': 64}]",True,Goodbye Lullaby (Expanded Edition),2011-03-08,day,21,album,spotify:album:1COPJyU2PpM2Itcob3vhFF,USRC11000915,https://open.spotify.com/track/2z4U9d5OAA4YLNXoCgioxo
"[{'external_urls': {'spotify': 'https://open.spotify.com/artist/0p4nmQO2msCgU4IF37Wi3j'}, 'href': 'https://api.spotify.com/v1/artists/0p4nmQO2msCgU4IF37Wi3j', 'id': '0p4nmQO2msCgU4IF37Wi3j', 'name': 'Avril Lavigne', 'type': 'artist', 'uri': 'spotify:artist:0p4nmQO2msCgU4IF37Wi3j'}]","['AR', 'AU', 'AT', 'BE', 'BO', 'BR', 'BG', 'CA', 'CL', 'CO', 'CR', 'CY', 'CZ', 'DK', 'DO', 'DE', 'EC', 'EE', 'SV', 'FI', 'FR', 'GR', 'GT', 'HN', 'HK', 'HU', 'IS', 'IE', 'IT', 'LV', 'LT', 'LU', 'MY', 'MT', 'MX', 'NL', 'NZ', 'NI', 'NO', 'PA', 'PY', 'PE', 'PH', 'PL', 'PT', 'SG', 'SK', 'ES', 'SE', 'CH', 'TW', 'TR', 'UY', 'US', 'GB', 'AD', 'LI', 'MC', 'ID', 'JP', 'TH', 'VN', 'RO', 'IL', 'ZA', 'SA', 'AE', 'BH', 'QA', 'OM', 'KW', 'EG', 'MA', 'DZ', 'TN', 'LB', 'JO', 'PS', 'IN', 'BY', 'KZ', 'MD', 'UA', 'AL', 'BA', 'HR', 'ME', 'MK', 'RS', 'SI', 'BD', 'PK', 'LK', 'GH', 'KE', 'NG', 'TZ', 'UG', 'AG', 'AM', 'BS', 'BB', 'BZ', 'BT', 'BW', 'BF', 'CV', 'CW', 'DM', 'FJ', 'GM', 'GE', 'GD', 'GW', 'GY', 'HT', 'JM', 'KI', 'LS', 'LR', 'MW', 'MV', 'ML', 'MH', 'FM', 'NA', 'NR', 'NE', 'PW', 'PG', 'PR', 'WS', 'SM', 'ST', 'SN', 'SC', 'SL', 'SB', 'KN', 'LC', 'VC', 'SR', 'TL', 'TO', 'TT', 'TV', 'VU', 'AZ', 'BN', 'BI', 'KH', 'CM', 'TD', 'KM', 'GQ', 'SZ', 'GA', 'GN', 'KG', 'LA', 'MO', 'MR', 'MN', 'NP', 'RW', 'TG', 'UZ', 'ZW', 'BJ', 'MG', 'MU', 'MZ', 'AO', 'CI', 'DJ', 'ZM', 'CD', 'CG', 'IQ', 'LY', 'TJ', 'VE', 'ET', 'XK']",1,242413,True,https://api.spotify.com/v1/tracks/6sqNctd7MlJoKDOxPVCAvU,6sqNctd7MlJoKDOxPVCAvU,False,True,My Happy Ending,72,https://p.scdn.co/mp3-preview/152a7664beba40d2666fd5ec840ee5f8dfdfa8ec?cid=771e47fec809492e9f8f64a3a3eeb4d2,6,track,spotify:track:6sqNctd7MlJoKDOxPVCAvU,album,"[{'external_urls': {'spotify': 'https://open.spotify.com/artist/0p4nmQO2msCgU4IF37Wi3j'}, 'href': 'https://api.spotify.com/v1/artists/0p4nmQO2msCgU4IF37Wi3j', 'id': '0p4nmQO2msCgU4IF37Wi3j', 'name': 'Avril Lavigne', 'type': 'artist', 'uri': 'spotify:artist:0p4nmQO2msCgU4IF37Wi3j'}]","['AR', 'AU', 'AT', 'BE', 'BO', 'BR', 'BG', 'CA', 'CL', 'CO', 'CR', 'CY', 'CZ', 'DK', 'DO', 'DE', 'EC', 'EE', 'SV', 'FI', 'FR', 'GR', 'GT', 'HN', 'HK', 'HU', 'IS', 'IE', 'IT', 'LV', 'LT', 'LU', 'MY', 'MT', 'MX', 'NL', 'NZ', 'NI', 'NO', 'PA', 'PY', 'PE', 'PH', 'PL', 'PT', 'SG', 'SK', 'ES', 'SE', 'CH', 'TW', 'TR', 'UY', 'US', 'GB', 'AD', 'LI', 'MC', 'ID', 'JP', 'TH', 'VN', 'RO', 'IL', 'ZA', 'SA', 'AE', 'BH', 'QA', 'OM', 'KW', 'EG', 'MA', 'DZ', 'TN', 'LB', 'JO', 'PS', 'IN', 'BY', 'KZ', 'MD', 'UA', 'AL', 'BA', 'HR', 'ME', 'MK', 'RS', 'SI', 'BD', 'PK', 'LK', 'GH', 'KE', 'NG', 'TZ', 'UG', 'AG', 'AM', 'BS', 'BB', 'BZ', 'BT', 'BW', 'BF', 'CV', 'CW', 'DM', 'FJ', 'GM', 'GE', 'GD', 'GW', 'GY', 'HT', 'JM', 'KI', 'LS', 'LR', 'MW', 'MV', 'ML', 'MH', 'FM', 'NA', 'NR', 'NE', 'PW', 'PG', 'PR', 'WS', 'SM', 'ST', 'SN', 'SC', 'SL', 'SB', 'KN', 'LC', 'VC', 'SR', 'TL', 'TO', 'TT', 'TV', 'VU', 'AZ', 'BN', 'BI', 'KH', 'CM', 'TD', 'KM', 'GQ', 'SZ', 'GA', 'GN', 'KG', 'LA', 'MO', 'MR', 'MN', 'NP', 'RW', 'TG', 'UZ', 'ZW', 'BJ', 'MG', 'MU', 'MZ', 'AO', 'CI', 'DJ', 'ZM', 'CD', 'CG', 'IQ', 'LY', 'TJ', 'VE', 'ET', 'XK']",https://open.spotify.com/album/7851Vsjv3apS52sXUik6iF,https://api.spotify.com/v1/albums/7851Vsjv3apS52sXUik6iF,7851Vsjv3apS52sXUik6iF,"[{'url': 'https://i.scdn.co/image/ab67616d0000b2739c291af4bf0c3071847f2b80', 'width': 640, 'height': 640}, {'url': 'https://i.scdn.co/image/ab67616d00001e029c291af4bf0c3071847f2b80', 'width': 300, 'height': 300}, {'url': 'https://i.scdn.co/image/ab67616d000048519c291af4bf0c3071847f2b80', 'width': 64, 'height': 64}]",True,Under My Skin,2004,year,13,album,spotify:album:7851Vsjv3apS52sXUik6iF,USAR10400486,https://open.spotify.com/track/6sqNctd7MlJoKDOxPVCAvU
"[{'external_urls': {'spotify': 'https://open.spotify.com/artist/0p4nmQO2msCgU4IF37Wi3j'}, 'href': 'https://api.spotify.com/v1/artists/0p4nmQO2msCgU4IF37Wi3j', 'id': '0p4nmQO2msCgU4IF37Wi3j', 'name': 'Avril Lavigne', 'type': 'artist', 'uri': 'spotify:artist:0p4nmQO2msCgU4IF37Wi3j'}]","['AR', 'AU', 'AT', 'BE', 'BO', 'BR', 'BG', 'CA', 'CL', 'CO', 'CR', 'CY', 'CZ', 'DK', 'DO', 'DE', 'EC', 'EE', 'SV', 'FI', 'FR', 'GR', 'GT', 'HN', 'HK', 'HU', 'IS', 'IE', 'IT', 'LV', 'LT', 'LU', 'MY', 'MT', 'MX', 'NL', 'NZ', 'NI', 'NO', 'PA', 'PY', 'PE', 'PH', 'PL', 'PT', 'SG', 'SK', 'ES', 'SE', 'CH', 'TW', 'TR', 'UY', 'US', 'GB', 'AD', 'LI', 'MC', 'ID', 'JP', 'TH', 'VN', 'RO', 'IL', 'ZA', 'SA', 'AE', 'BH', 'QA', 'OM', 'KW', 'EG', 'MA', 'DZ', 'TN', 'LB', 'JO', 'PS', 'IN', 'BY', 'KZ', 'MD', 'UA', 'AL', 'BA', 'HR', 'ME', 'MK', 'RS', 'SI', 'BD', 'PK', 'LK', 'GH', 'KE', 'NG', 'TZ', 'UG', 'AG', 'AM', 'BS', 'BB', 'BZ', 'BT', 'BW', 'BF', 'CV', 'CW', 'DM', 'FJ', 'GM', 'GE', 'GD', 'GW', 'GY', 'HT', 'JM', 'KI', 'LS', 'LR', 'MW', 'MV', 'ML', 'MH', 'FM', 'NA', 'NR', 'NE', 'PW', 'PG', 'PR', 'WS', 'SM', 'ST', 'SN', 'SC', 'SL', 'SB', 'KN', 'LC', 'VC', 'SR', 'TL', 'TO', 'TT', 'TV', 'VU', 'AZ', 'BN', 'BI', 'KH', 'CM', 'TD', 'KM', 'GQ', 'SZ', 'GA', 'GN', 'KG', 'LA', 'MO', 'MR', 'MN', 'NP', 'RW', 'TG', 'UZ', 'ZW', 'BJ', 'MG', 'MU', 'MZ', 'AO', 'CI', 'DJ', 'ZM', 'CD', 'CG', 'IQ', 'LY', 'TJ', 'VE', 'ET', 'XK']",1,240493,False,https://api.spotify.com/v1/tracks/54JKnDB3CzVu8wNAOM27BI,54JKnDB3CzVu8wNAOM27BI,False,True,When You're Gone,69,https://p.scdn.co/mp3-preview/d60908f0a1ba12f1ad21495b141122a79346f20d?cid=771e47fec809492e9f8f64a3a3eeb4d2,5,track,spotify:track:54JKnDB3CzVu8wNAOM27BI,album,"[{'external_urls': {'spotify': 'https://open.spotify.com/artist/0p4nmQO2msCgU4IF37Wi3j'}, 'href': 'https://api.spotify.com/v1/artists/0p4nmQO2msCgU4IF37Wi3j', 'id': '0p4nmQO2msCgU4IF37Wi3j', 'name': 'Avril Lavigne', 'type': 'artist', 'uri': 'spotify:artist:0p4nmQO2msCgU4IF37Wi3j'}]","['AR', 'AU', 'AT', 'BE', 'BO', 'BR', 'BG', 'CA', 'CL', 'CO', 'CR', 'CY', 'CZ', 'DK', 'DO', 'DE', 'EC', 'EE', 'SV', 'FI', 'FR', 'GR', 'GT', 'HN', 'HK', 'HU', 'IS', 'IE', 'IT', 'LV', 'LT', 'LU', 'MY', 'MT', 'MX', 'NL', 'NZ', 'NI', 'NO', 'PA', 'PY', 'PE', 'PH', 'PL', 'PT', 'SG', 'SK', 'ES', 'SE', 'CH', 'TW', 'TR', 'UY', 'US', 'GB', 'AD', 'LI', 'MC', 'ID', 'JP', 'TH', 'VN', 'RO', 'IL', 'ZA', 'SA', 'AE', 'BH', 'QA', 'OM', 'KW', 'EG', 'MA', 'DZ', 'TN', 'LB', 'JO', 'PS', 'IN', 'BY', 'KZ', 'MD', 'UA', 'AL', 'BA', 'HR', 'ME', 'MK', 'RS', 'SI', 'BD', 'PK', 'LK', 'GH', 'KE', 'NG', 'TZ', 'UG', 'AG', 'AM', 'BS', 'BB', 'BZ', 'BT', 'BW', 'BF', 'CV', 'CW', 'DM', 'FJ', 'GM', 'GE', 'GD', 'GW', 'GY', 'HT', 'JM', 'KI', 'LS', 'LR', 'MW', 'MV', 'ML', 'MH', 'FM', 'NA', 'NR', 'NE', 'PW', 'PG', 'PR', 'WS', 'SM', 'ST', 'SN', 'SC', 'SL', 'SB', 'KN', 'LC', 'VC', 'SR', 'TL', 'TO', 'TT', 'TV', 'VU', 'AZ', 'BN', 'BI', 'KH', 'CM', 'TD', 'KM', 'GQ', 'SZ', 'GA', 'GN', 'KG', 'LA', 'MO', 'MR', 'MN', 'NP', 'RW', 'TG', 'UZ', 'ZW', 'BJ', 'MG', 'MU', 'MZ', 'AO', 'CI', 'DJ', 'ZM', 'CD', 'CG', 'IQ', 'LY', 'TJ', 'VE', 'ET', 'XK']",https://open.spotify.com/album/6lqE05fiHWJVYYdMVJNj38,https://api.spotify.com/v1/albums/6lqE05fiHWJVYYdMVJNj38,6lqE05fiHWJVYYdMVJNj38,"[{'url': 'https://i.scdn.co/image/ab67616d0000b273476cdf5837ae39eee951cc15', 'width': 640, 'height': 640}, {'url': 'https://i.scdn.co/image/ab67616d00001e02476cdf5837ae39eee951cc15', 'width': 300, 'height': 300}, {'url': 'https://i.scdn.co/image/ab67616d00004851476cdf5837ae39eee951cc15', 'width': 64, 'height': 64}]",True,The Best Damn Thing (Expanded Edition),2007-04-17,day,17,album,spotify:album:6lqE05fiHWJVYYdMVJNj38,USRC10700004,https://open.spotify.com/track/54JKnDB3CzVu8wNAOM27BI
"[{'external_urls': {'spotify': 'https://open.spotify.com/artist/0p4nmQO2msCgU4IF37Wi3j'}, 'href': 'https://api.spotify.com/v1/artists/0p4nmQO2msCgU4IF37Wi3j', 'id': '0p4nmQO2msCgU4IF37Wi3j', 'name': 'Avril Lavigne', 'type': 'artist', 'uri': 'spotify:artist:0p4nmQO2msCgU4IF37Wi3j'}]","['AR', 'AU', 'AT', 'BE', 'BO', 'BR', 'BG', 'CA', 'CL', 'CO', 'CR', 'CY', 'CZ', 'DK', 'DO', 'DE', 'EC', 'EE', 'SV', 'FI', 'FR', 'GR', 'GT', 'HN', 'HK', 'HU', 'IS', 'IE', 'IT', 'LV', 'LT', 'LU', 'MY', 'MT', 'MX', 'NL', 'NZ', 'NI', 'NO', 'PA', 'PY', 'PE', 'PH', 'PL', 'PT', 'SG', 'SK', 'ES', 'SE', 'CH', 'TW', 'TR', 'UY', 'US', 'GB', 'AD', 'LI', 'MC', 'ID', 'JP', 'TH', 'VN', 'RO', 'IL', 'ZA', 'SA', 'AE', 'BH', 'QA', 'OM', 'KW', 'EG', 'MA', 'DZ', 'TN', 'LB', 'JO', 'PS', 'IN', 'BY', 'KZ', 'MD', 'UA', 'AL', 'BA', 'HR', 'ME', 'MK', 'RS', 'SI', 'BD', 'PK', 'LK', 'GH', 'KE', 'NG', 'TZ', 'UG', 'AG', 'AM', 'BS', 'BB', 'BZ', 'BT', 'BW', 'BF', 'CV', 'CW', 'DM', 'FJ', 'GM', 'GE', 'GD', 'GW', 'GY', 'HT', 'JM', 'KI', 'LS', 'LR', 'MW', 'MV', 'ML', 'MH', 'FM', 'NA', 'NR', 'NE', 'PW', 'PG', 'PR', 'WS', 'SM', 'ST', 'SN', 'SC', 'SL', 'SB', 'KN', 'LC', 'VC', 'SR', 'TL', 'TO', 'TT', 'TV', 'VU', 'AZ', 'BN', 'BI', 'KH', 'CM', 'TD', 'KM', 'GQ', 'SZ', 'GA', 'GN', 'KG', 'LA', 'MO', 'MR', 'MN', 'NP', 'RW', 'TG', 'UZ', 'ZW', 'BJ', 'MG', 'MU', 'MZ', 'AO', 'CI', 'DJ', 'ZM', 'CD', 'CG', 'IQ', 'LY', 'TJ', 'VE', 'ET', 'XK']",1,214320,True,https://api.spotify.com/v1/tracks/0qwcGscxUHGZTgq0zcaqk1,0qwcGscxUHGZTgq0zcaqk1,False,True,Here's to Never Growing Up,68,https://p.scdn.co/mp3-preview/5453a569f68d159a527069c6353415a1762f1248?cid=771e47fec809492e9f8f64a3a3eeb4d2,2,track,spotify:track:0qwcGscxUHGZTgq0zcaqk1,album,"[{'external_urls': {'spotify': 'https://open.spotify.com/artist/0p4nmQO2msCgU4IF37Wi3j'}, 'href': 'https://api.spotify.com/v1/artists/0p4nmQO2msCgU4IF37Wi3j', 'id': '0p4nmQO2msCgU4IF37Wi3j', 'name': 'Avril Lavigne', 'type': 'artist', 'uri': 'spotify:artist:0p4nmQO2msCgU4IF37Wi3j'}]","['AR', 'AU', 'AT', 'BE', 'BO', 'BR', 'BG', 'CA', 'CL', 'CO', 'CR', 'CY', 'CZ', 'DK', 'DO', 'DE', 'EC', 'EE', 'SV', 'FI', 'FR', 'GR', 'GT', 'HN', 'HK', 'HU', 'IS', 'IE', 'IT', 'LV', 'LT', 'LU', 'MY', 'MT', 'MX', 'NL', 'NZ', 'NI', 'NO', 'PA', 'PY', 'PE', 'PH', 'PL', 'PT', 'SG', 'SK', 'ES', 'SE', 'CH', 'TW', 'TR', 'UY', 'US', 'GB', 'AD', 'LI', 'MC', 'ID', 'JP', 'TH', 'VN', 'RO', 'IL', 'ZA', 'SA', 'AE', 'BH', 'QA', 'OM', 'KW', 'EG', 'MA', 'DZ', 'TN', 'LB', 'JO', 'PS', 'IN', 'BY', 'KZ', 'MD', 'UA', 'AL', 'BA', 'HR', 'ME', 'MK', 'RS', 'SI', 'BD', 'PK', 'LK', 'GH', 'KE', 'NG', 'TZ', 'UG', 'AG', 'AM', 'BS', 'BB', 'BZ', 'BT', 'BW', 'BF', 'CV', 'CW', 'DM', 'FJ', 'GM', 'GE', 'GD', 'GW', 'GY', 'HT', 'JM', 'KI', 'LS', 'LR', 'MW', 'MV', 'ML', 'MH', 'FM', 'NA', 'NR', 'NE', 'PW', 'PG', 'PR', 'WS', 'SM', 'ST', 'SN', 'SC', 'SL', 'SB', 'KN', 'LC', 'VC', 'SR', 'TL', 'TO', 'TT', 'TV', 'VU', 'AZ', 'BN', 'BI', 'KH', 'CM', 'TD', 'KM', 'GQ', 'SZ', 'GA', 'GN', 'KG', 'LA', 'MO', 'MR', 'MN', 'NP', 'RW', 'TG', 'UZ', 'ZW', 'BJ', 'MG', 'MU', 'MZ', 'AO', 'CI', 'DJ', 'ZM', 'CD', 'CG', 'IQ', 'LY', 'TJ', 'VE', 'ET', 'XK']",https://open.spotify.com/album/7qjA5gbagHWVbqKUgVt49l,https://api.spotify.com/v1/albums/7qjA5gbagHWVbqKUgVt49l,7qjA5gbagHWVbqKUgVt49l,"[{'url': 'https://i.scdn.co/image/ab67616d0000b273817da73d6641ddbcc0a50363', 'width': 640, 'height': 640}, {'url': 'https://i.scdn.co/image/ab67616d00001e02817da73d6641ddbcc0a50363', 'width': 300, 'height': 300}, {'url': 'https://i.scdn.co/image/ab67616d00004851817da73d6641ddbcc0a50363', 'width': 64, 'height': 64}]",True,Avril Lavigne (Expanded Edition),2013-11-01,day,16,album,spotify:album:7qjA5gbagHWVbqKUgVt49l,USSM11300965,https://open.spotify.com/track/0qwcGscxUHGZTgq0zcaqk1
"[{'external_urls': {'spotify': 'https://open.spotify.com/artist/0p4nmQO2msCgU4IF37Wi3j'}, 'href': 'https://api.spotify.com/v1/artists/0p4nmQO2msCgU4IF37Wi3j', 'id': '0p4nmQO2msCgU4IF37Wi3j', 'name': 'Avril Lavigne', 'type': 'artist', 'uri': 'spotify:artist:0p4nmQO2msCgU4IF37Wi3j'}]","['AR', 'AU', 'AT', 'BE', 'BO', 'BR', 'BG', 'CA', 'CL', 'CO', 'CR', 'CY', 'CZ', 'DK', 'DO', 'DE', 'EC', 'EE', 'SV', 'FI', 'FR', 'GR', 'GT', 'HN', 'HK', 'HU', 'IS', 'IE', 'IT', 'LV', 'LT', 'LU', 'MY', 'MT', 'MX', 'NL', 'NZ', 'NI', 'NO', 'PA', 'PY', 'PE', 'PH', 'PL', 'PT', 'SG', 'SK', 'ES', 'SE', 'CH', 'TW', 'TR', 'UY', 'US', 'GB', 'AD', 'LI', 'MC', 'ID', 'JP', 'TH', 'VN', 'RO', 'IL', 'ZA', 'SA', 'AE', 'BH', 'QA', 'OM', 'KW', 'EG', 'MA', 'DZ', 'TN', 'LB', 'JO', 'PS', 'IN', 'BY', 'KZ', 'MD', 'UA', 'AL', 'BA', 'HR', 'ME', 'MK', 'RS', 'SI', 'BD', 'PK', 'LK', 'GH', 'KE', 'NG', 'TZ', 'UG', 'AG', 'AM', 'BS', 'BB', 'BZ', 'BT', 'BW', 'BF', 'CV', 'CW', 'DM', 'FJ', 'GM', 'GE', 'GD', 'GW', 'GY', 'HT', 'JM', 'KI', 'LS', 'LR', 'MW', 'MV', 'ML', 'MH', 'FM', 'NA', 'NR', 'NE', 'PW', 'PG', 'PR', 'WS', 'SM', 'ST', 'SN', 'SC', 'SL', 'SB', 'KN', 'LC', 'VC', 'SR', 'TL', 'TO', 'TT', 'TV', 'VU', 'AZ', 'BN', 'BI', 'KH', 'CM', 'TD', 'KM', 'GQ', 'SZ', 'GA', 'GN', 'KG', 'LA', 'MO', 'MR', 'MN', 'NP', 'RW', 'TG', 'UZ', 'ZW', 'BJ', 'MG', 'MU', 'MZ', 'AO', 'CI', 'DJ', 'ZM', 'CD', 'CG', 'IQ', 'LY', 'TJ', 'VE', 'ET', 'XK']",1,225760,True,https://api.spotify.com/v1/tracks/5XHf9PBxxHmJFuiDkGNIOA,5XHf9PBxxHmJFuiDkGNIOA,False,True,Wish You Were Here,66,https://p.scdn.co/mp3-preview/1047b5db6c4e7925c11a2c4564f7bd61fcfc374f?cid=771e47fec809492e9f8f64a3a3eeb4d2,4,track,spotify:track:5XHf9PBxxHmJFuiDkGNIOA,album,"[{'external_urls': {'spotify': 'https://open.spotify.com/artist/0p4nmQO2msCgU4IF37Wi3j'}, 'href': 'https://api.spotify.com/v1/artists/0p4nmQO2msCgU4IF37Wi3j', 'id': '0p4nmQO2msCgU4IF37Wi3j', 'name': 'Avril Lavigne', 'type': 'artist', 'uri': 'spotify:artist:0p4nmQO2msCgU4IF37Wi3j'}]","['AR', 'AU', 'AT', 'BE', 'BO', 'BR', 'BG', 'CA', 'CL', 'CO', 'CR', 'CY', 'CZ', 'DK', 'DO', 'DE', 'EC', 'EE', 'SV', 'FI', 'FR', 'GR', 'GT', 'HN', 'HK', 'HU', 'IS', 'IE', 'IT', 'LV', 'LT', 'LU', 'MY', 'MT', 'MX', 'NL', 'NZ', 'NI', 'NO', 'PA', 'PY', 'PE', 'PH', 'PL', 'PT', 'SG', 'SK', 'ES', 'SE', 'CH', 'TW', 'TR', 'UY', 'US', 'GB', 'AD', 'LI', 'MC', 'ID', 'JP', 'TH', 'VN', 'RO', 'IL', 'ZA', 'SA', 'AE', 'BH', 'QA', 'OM', 'KW', 'EG', 'MA', 'DZ', 'TN', 'LB', 'JO', 'PS', 'IN', 'BY', 'KZ', 'MD', 'UA', 'AL', 'BA', 'HR', 'ME', 'MK', 'RS', 'SI', 'BD', 'PK', 'LK', 'GH', 'KE', 'NG', 'TZ', 'UG', 'AG', 'AM', 'BS', 'BB', 'BZ', 'BT', 'BW', 'BF', 'CV', 'CW', 'DM', 'FJ', 'GM', 'GE', 'GD', 'GW', 'GY', 'HT', 'JM', 'KI', 'LS', 'LR', 'MW', 'MV', 'ML', 'MH', 'FM', 'NA', 'NR', 'NE', 'PW', 'PG', 'PR', 'WS', 'SM', 'ST', 'SN', 'SC', 'SL', 'SB', 'KN', 'LC', 'VC', 'SR', 'TL', 'TO', 'TT', 'TV', 'VU', 'AZ', 'BN', 'BI', 'KH', 'CM', 'TD', 'KM', 'GQ', 'SZ', 'GA', 'GN', 'KG', 'LA', 'MO', 'MR', 'MN', 'NP', 'RW', 'TG', 'UZ', 'ZW', 'BJ', 'MG', 'MU', 'MZ', 'AO', 'CI', 'DJ', 'ZM', 'CD', 'CG', 'IQ', 'LY', 'TJ', 'VE', 'ET', 'XK']",https://open.spotify.com/album/1COPJyU2PpM2Itcob3vhFF,https://api.spotify.com/v1/albums/1COPJyU2PpM2Itcob3vhFF,1COPJyU2PpM2Itcob3vhFF,"[{'url': 'https://i.scdn.co/image/ab67616d0000b27372c9f7a7c75eba39726106a6', 'width': 640, 'height': 640}, {'url': 'https://i.scdn.co/image/ab67616d00001e0272c9f7a7c75eba39726106a6', 'width': 300, 'height': 300}, {'url': 'https://i.scdn.co/image/ab67616d0000485172c9f7a7c75eba39726106a6', 'width': 64, 'height': 64}]",True,Goodbye Lullaby (Expanded Edition),2011-03-08,day,21,album,spotify:album:1COPJyU2PpM2Itcob3vhFF,USRC11100010,https://open.spotify.com/track/5XHf9PBxxHmJFuiDkGNIOA
"[{'external_urls': {'spotify': 'https://open.spotify.com/artist/0p4nmQO2msCgU4IF37Wi3j'}, 'href': 'https://api.spotify.com/v1/artists/0p4nmQO2msCgU4IF37Wi3j', 'id': '0p4nmQO2msCgU4IF37Wi3j', 'name': 'Avril Lavigne', 'type': 'artist', 'uri': 'spotify:artist:0p4nmQO2msCgU4IF37Wi3j'}]","['AR', 'AU', 'AT', 'BE', 'BO', 'BR', 'BG', 'CA', 'CL', 'CO', 'CR', 'CY', 'CZ', 'DK', 'DO', 'DE', 'EC', 'EE', 'SV', 'FI', 'FR', 'GR', 'GT', 'HN', 'HK', 'HU', 'IS', 'IE', 'IT', 'LV', 'LT', 'LU', 'MY', 'MT', 'MX', 'NL', 'NZ', 'NI', 'NO', 'PA', 'PY', 'PE', 'PH', 'PL', 'PT', 'SG', 'SK', 'ES', 'SE', 'CH', 'TW', 'TR', 'UY', 'US', 'GB', 'AD', 'LI', 'MC', 'ID', 'JP', 'TH', 'VN', 'RO', 'IL', 'ZA', 'SA', 'AE', 'BH', 'QA', 'OM', 'KW', 'EG', 'MA', 'DZ', 'TN', 'LB', 'JO', 'PS', 'IN', 'BY', 'KZ', 'MD', 'UA', 'AL', 'BA', 'HR', 'ME', 'MK', 'RS', 'SI', 'BD', 'PK', 'LK', 'GH', 'KE', 'NG', 'TZ', 'UG', 'AG', 'AM', 'BS', 'BB', 'BZ', 'BT', 'BW', 'BF', 'CV', 'CW', 'DM', 'FJ', 'GM', 'GE', 'GD', 'GW', 'GY', 'HT', 'JM', 'KI', 'LS', 'LR', 'MW', 'MV', 'ML', 'MH', 'FM', 'NA', 'NR', 'NE', 'PW', 'PG', 'PR', 'WS', 'SM', 'ST', 'SN', 'SC', 'SL', 'SB', 'KN', 'LC', 'VC', 'SR', 'TL', 'TO', 'TT', 'TV', 'VU', 'AZ', 'BN', 'BI', 'KH', 'CM', 'TD', 'KM', 'GQ', 'SZ', 'GA', 'GN', 'KG', 'LA', 'MO', 'MR', 'MN', 'NP', 'RW', 'TG', 'UZ', 'ZW', 'BJ', 'MG', 'MU', 'MZ', 'AO', 'CI', 'DJ', 'ZM', 'CD', 'CG', 'IQ', 'LY', 'TJ', 'VE', 'ET', 'XK']",1,212413,False,https://api.spotify.com/v1/tracks/0cZDC7uxNK8lqQ3GgyvCnD,0cZDC7uxNK8lqQ3GgyvCnD,False,True,Nobody's Home,65,https://p.scdn.co/mp3-preview/e7146915ed63a0fa2e4b9cdec8d1b7cd59a133c2?cid=771e47fec809492e9f8f64a3a3eeb4d2,7,track,spotify:track:0cZDC7uxNK8lqQ3GgyvCnD,album,"[{'external_urls': {'spotify': 'https://open.spotify.com/artist/0p4nmQO2msCgU4IF37Wi3j'}, 'href': 'https://api.spotify.com/v1/artists/0p4nmQO2msCgU4IF37Wi3j', 'id': '0p4nmQO2msCgU4IF37Wi3j', 'name': 'Avril Lavigne', 'type': 'artist', 'uri': 'spotify:artist:0p4nmQO2msCgU4IF37Wi3j'}]","['AR', 'AU', 'AT', 'BE', 'BO', 'BR', 'BG', 'CA', 'CL', 'CO', 'CR', 'CY', 'CZ', 'DK', 'DO', 'DE', 'EC', 'EE', 'SV', 'FI', 'FR', 'GR', 'GT', 'HN', 'HK', 'HU', 'IS', 'IE', 'IT', 'LV', 'LT', 'LU', 'MY', 'MT', 'MX', 'NL', 'NZ', 'NI', 'NO', 'PA', 'PY', 'PE', 'PH', 'PL', 'PT', 'SG', 'SK', 'ES', 'SE', 'CH', 'TW', 'TR', 'UY', 'US', 'GB', 'AD', 'LI', 'MC', 'ID', 'JP', 'TH', 'VN', 'RO', 'IL', 'ZA', 'SA', 'AE', 'BH', 'QA', 'OM', 'KW', 'EG', 'MA', 'DZ', 'TN', 'LB', 'JO', 'PS', 'IN', 'BY', 'KZ', 'MD', 'UA', 'AL', 'BA', 'HR', 'ME', 'MK', 'RS', 'SI', 'BD', 'PK', 'LK', 'GH', 'KE', 'NG', 'TZ', 'UG', 'AG', 'AM', 'BS', 'BB', 'BZ', 'BT', 'BW', 'BF', 'CV', 'CW', 'DM', 'FJ', 'GM', 'GE', 'GD', 'GW', 'GY', 'HT', 'JM', 'KI', 'LS', 'LR', 'MW', 'MV', 'ML', 'MH', 'FM', 'NA', 'NR', 'NE', 'PW', 'PG', 'PR', 'WS', 'SM', 'ST', 'SN', 'SC', 'SL', 'SB', 'KN', 'LC', 'VC', 'SR', 'TL', 'TO', 'TT', 'TV', 'VU', 'AZ', 'BN', 'BI', 'KH', 'CM', 'TD', 'KM', 'GQ', 'SZ', 'GA', 'GN', 'KG', 'LA', 'MO', 'MR', 'MN', 'NP', 'RW', 'TG', 'UZ', 'ZW', 'BJ', 'MG', 'MU', 'MZ', 'AO', 'CI', 'DJ', 'ZM', 'CD', 'CG', 'IQ', 'LY', 'TJ', 'VE', 'ET', 'XK']",https://open.spotify.com/album/7851Vsjv3apS52sXUik6iF,https://api.spotify.com/v1/albums/7851Vsjv3apS52sXUik6iF,7851Vsjv3apS52sXUik6iF,"[{'url': 'https://i.scdn.co/image/ab67616d0000b2739c291af4bf0c3071847f2b80', 'width': 640, 'height': 640}, {'url': 'https://i.scdn.co/image/ab67616d00001e029c291af4bf0c3071847f2b80', 'width': 300, 'height': 300}, {'url': 'https://i.scdn.co/image/ab67616d000048519c291af4bf0c3071847f2b80', 'width': 64, 'height': 64}]",True,Under My Skin,2004,year,13,album,spotify:album:7851Vsjv3apS52sXUik6iF,USAR10400487,https://open.spotify.com/track/0cZDC7uxNK8lqQ3GgyvCnD
